Group,Sub-Indicator,Group Baseline,Group Tilt (%),New Group Weight (%),Sub-Indicator Baseline (Internal),"Sub-Indicator Tilt (Internal, %)","New Sub-Indicator Weight (Internal, %)",Final Metric Weight (%)
Economic Security,Income/Poverty/Employment,25.0,13.456937799043061,38.45693779904306,50.0,17.496111975116634,67.49611197511663,25.95693779904306
Economic Security,Occupation (Fixed),25.0,13.456937799043061,38.45693779904306,50.0,-17.49611197511664,32.50388802488336,12.5
Education,Education,25.0,-7.730263157894737,17.269736842105264,100.0,0.0,100.0,17.269736842105264
Location Affordability,Housing costs,25.0,6.504186602870815,31.504186602870814,50.0,-5.1495016611295625,44.85049833887044,14.129784688995217
Location Affordability,Transportation costs,25.0,6.504186602870815,31.504186602870814,50.0,5.1495016611295625,55.14950166112956,17.374401913875598
Cultural - Race,Cultural - Race,25.0,-12.230861244019136,12.769138755980864,100.0,0.0,100.0,12.769138755980864
