Group,Sub-Indicator,Group Baseline,Group Tilt (%),New Group Weight (%),Sub-Indicator Baseline (Internal),"Sub-Indicator Tilt (Internal, %)","New Sub-Indicator Weight (Internal, %)",Final Metric Weight (%)
Economic Security,Healthcare costs,25.0,16.14114114114114,41.14114114114114,50.0,-10.340632603406325,39.65936739659367,16.316316316316318
Economic Security,Income/Poverty/Employment,25.0,16.14114114114114,41.14114114114114,50.0,10.34063260340633,60.34063260340633,24.824824824824827
Education,Education,25.0,-8.483483483483484,16.516516516516518,100.0,0.0,100.0,16.516516516516518
Location Affordability,Housing costs (Proxy),25.0,5.130130130130128,30.130130130130127,50.0,-5.149501661129569,44.85049833887043,13.513513513513512
Location Affordability,Transportation costs,25.0,5.130130130130128,30.130130130130127,50.0,5.1495016611295625,55.14950166112956,16.616616616616614
Cultural - Race,Cultural - Race,25.0,-12.787787787787789,12.212212212212211,100.0,0.0,100.0,12.212212212212211
